{"intercept": [-0.8770026227633579], "coefficients": [[0.2249532511455302, 1.083653913162344, -0.14548859093028485, 0.06861082711162653, -0.09697407382267144, 0.6794557387252976, 0.19999459560845936, 0.3947756552736376]], "feature_means": [3.8450520833333335, 121.68676277850591, 72.40518417462482, 29.15341959334565, 155.54822335025383, 32.457463672391015, 0.47187630208333325, 33.240885416666664], "feature_stds": [3.3695780626988627, 30.43594886720766, 12.096346184037948, 8.79094192562453, 85.02110776922125, 6.8751513275037786, 0.33132859501277484, 11.76023154067868], "features": ["Pregnancies", "Glucose", "BloodPressure", "SkinThickness", "Insulin", "BMI", "DiabetesPedigreeFunction", "Age"]}